{
  "p_home": [
    [
      -0.06,
      -0.031,
      0.085
    ],
    [
      -0.0391348729104512,
      -0.0033584285624536844,
      0.103
    ],
    [
      -0.14410648290877814,
      -0.026063430893342284,
      0.06592906848333195
    ],
    [
      -0.06069237478063112,
      -0.03495558345831055,
      0.1694086132636755
    ],
    [
      0.018218694429760027,
      -0.019865074412758383,
      0.15885779846959616
    ]
  ],
  "a_home": [
    [
      0.0,
      0.0,
      1.0
    ],
    [
      0.2588190451025208,
      0.9659258262890683,
      0.0
    ],
    [
      -0.25881904510252074,
      -0.9659258262890683,
      -1.387778780781446e-17
    ],
    [
      -0.25881904510252074,
      -0.9659258262890684,
      -1.3877787807814457e-17
    ],
    [
      0.875426098065593,
      -0.23456971600980447,
      -0.42261826174069955
    ]
  ]
}