{
  "p_home": [
    [
      4.572,
      -4.1275,
      0.0
    ],
    [
      6.388325564877748,
      -4.8648572352472925,
      0.9525
    ],
    [
      8.181709474296415,
      -6.788026024769611,
      10.766306395096937
    ],
    [
      4.024687133100861,
      -2.3301653391979498,
      -2.924085833135082
    ],
    [
      0.22025553132979958,
      2.4944578962753496,
      -0.45018389021640026
    ]
  ],
  "a_home": [
    [
      0.0,
      0.0,
      1.0
    ],
    [
      0.7313537016191705,
      0.6819983600624986,
      0.0
    ],
    [
      0.7313537016191705,
      0.6819983600624986,
      -5.551115123125783e-17
    ],
    [
      -0.7313537016191706,
      -0.6819983600624986,
      -5.551115123125784e-17
    ],
    [
      -0.2554810823782512,
      0.2739699187456749,
      -0.9271838545667874
    ]
  ]
}