{
  "p_home": [
    [
      0.045720000000000004,
      -0.041275000000000006,
      0.0
    ],
    [
      0.06388325564877748,
      -0.04864857235247293,
      0.009525
    ],
    [
      0.08181709474296417,
      -0.06788026024769611,
      0.10766306395096936
    ],
    [
      0.04024687133100862,
      -0.023301653391979503,
      -0.029240858331350802
    ],
    [
      0.0022025553132980075,
      0.024944578962753483,
      -0.004501838902163992
    ]
  ],
  "a_home": [
    [
      0.0,
      0.0,
      1.0
    ],
    [
      0.7313537016191705,
      0.6819983600624986,
      0.0
    ],
    [
      0.7313537016191705,
      0.6819983600624986,
      -5.551115123125783e-17
    ],
    [
      -0.7313537016191706,
      -0.6819983600624986,
      -5.551115123125784e-17
    ],
    [
      -0.2554810823782512,
      0.2739699187456749,
      -0.9271838545667874
    ]
  ]
}