{
  "p_home": [
    [
      -0.06,
      -0.031,
      0.085
    ],
    [
      -0.05575105560603303,
      0.0033708666102118534,
      0.103
    ],
    [
      -0.13530663537529242,
      -0.06877804720048604,
      0.06592906848333195
    ],
    [
      -0.058621822419810926,
      -0.034771823152001995,
      0.16940861326367546
    ],
    [
      0.0021719136334037645,
      0.01775247564268062,
      0.15885779846959613
    ]
  ],
  "a_home": [
    [
      0.0,
      0.0,
      -1.0
    ],
    [
      -0.2588190451025208,
      0.9659258262890683,
      0.0
    ],
    [
      -0.25881904510252074,
      0.9659258262890684,
      -1.3877787807814457e-17
    ],
    [
      0.2588190451025208,
      -0.9659258262890684,
      1.3877787807814457e-17
    ],
    [
      0.875426098065593,
      0.23456971600980445,
      -0.42261826174069955
    ]
  ]
}