{
  "p_home": [
    [
      0.0,
      0.0,
      0.0
    ],
    [
      -0.0886560619984019,
      0.0,
      0.2866009467376818
    ],
    [
      -0.050696849802664395,
      0.19601331556824836,
      0.2983431070764471
    ],
    [
      0.00728209771326177,
      0.3765535348433404,
      0.2347532425613596
    ],
    [
      0.06526104522918791,
      0.5570937541184324,
      0.17116337804627216
    ],
    [
      0.13964006794718167,
      0.7351944093834819,
      0.11874279455394396
    ]
  ],
  "a_home": [
    [
      0.0,
      1.0,
      0.0
    ],
    [
      -0.29552020666133966,
      0.0,
      0.9553364891256061
    ],
    [
      0.9362933635841993,
      -0.19866933079506122,
      0.28962947762551566
    ],
    [
      0.2898947375796307,
      0.9027010963754601,
      -0.3179493225754375
    ],
    [
      -0.4661197028607199,
      0.42332061125537596,
      0.776873273250798
    ],
    [
      0.8027617623510342,
      -0.1667440401944686,
      0.5725119893650151
    ]
  ]
}