{
    "measurements": [
        {
            "joint_positions_world": [
                [
                    0.045720000000000004,
                    -0.041275000000000006,
                    0.0
                ],
                [
                    0.0635,
                    -0.03302,
                    0.009525
                ],
                [
                    0.16510000000000002,
                    -0.03302,
                    0.009525
                ],
                [
                    0.31496,
                    -0.03302,
                    0.009525
                ],
                [
                    0.381,
                    -0.027940000000000006,
                    0.009525
                ]
            ],
            "joint_axes_world": [
                [
                    0,
                    0,
                    1
                ],
                [
                    0,
                    1,
                    0
                ],
                [
                    0,
                    1,
                    0
                ],
                [
                    0,
                    -1,
                    0
                ],
                [
                    0,
                    0,
                    1
                ]
            ],
            "angles": [
                0.8203047484373349,
                1.3089969389957472,
                2.9845130209103035,
                1.53588974175501,
                1.4835298641951802
            ]
        }
    ]
}