{
    "measurements": [
        {
            "joint_positions_world": [
                [
                    4.572,
                    -4.1275,
                    0.0
                ],
                [
                    6.35,
                    -3.302,
                    0.9525
                ],
                [
                    16.51,
                    -3.302,
                    0.9525
                ],
                [
                    31.496000000000002,
                    -3.302,
                    0.9525
                ],
                [
                    38.1,
                    -2.7940000000000005,
                    0.9525
                ]
            ],
            "joint_axes_world": [
                [
                    0,
                    0,
                    1
                ],
                [
                    0,
                    1,
                    0
                ],
                [
                    0,
                    1,
                    0
                ],
                [
                    0,
                    -1,
                    0
                ],
                [
                    0,
                    0,
                    1
                ]
            ],
            "angles": [
                0.8203047484373349,
                1.3089969389957472,
                2.9845130209103035,
                1.53588974175501,
                1.4835298641951802
            ]
        }
    ]
}