{
    "measurements": [
        {
            "joint_positions_world": [
                [
                    -0.06,
                    -0.031,
                    0.085
                ],
                [
                    -0.047,
                    0.0011,
                    0.103
                ],
                [
                    -0.014,
                    -0.048,
                    0.2
                ],
                [
                    -0.04,
                    -0.035,
                    0.33
                ],
                [
                    -0.061,
                    0,
                    0.4
                ]
            ],
            "joint_axes_world": [
                [
                    0,
                    0,
                    -1
                ],
                [
                    0,
                    1,
                    0
                ],
                [
                    0,
                    1,
                    0
                ],
                [
                    0,
                    -1,
                    0
                ],
                [
                    0,
                    0,
                    1
                ]
            ],
            "angles": [
                0.2617993877991494,
                2.2689280275926285,
                3.141592653589793,
                1.1344640137963142,
                1.5707963267948966
            ]
        }
    ]
}